{
  "Precision": 0.8955223880597015,
  "Recall": 0.2553191489361703,
  "Accuracy": 0.77,
  "F1-score": 0.3973509933774836
}