{
  "Precision": 0.8695652173913043,
  "Recall": 0.21052631578947373,
  "Accuracy": 0.77,
  "F1-score": 0.33898305084745767
}